"","Order","SUBSTANCE.NAME","CAS_trimmed","Ave.exp","Ave.prd","Med.exp","Med.prd","Rng.exp","Rng.prd","Deg"
"1",1,"DDT, P,P'-","50-29-3","185 (2)","348 (3)","185","348","110 to 260","330 to 368","C"
"2",2,"DIELDRIN","60-57-1","330 (1)","330 (2)","330","330","330","330 to 331","C"
"3",3,"ALDRIN","309-00-2","","312","","312","","300 to 324","C"
"4",4,"HEPTACHLOR","76-44-8","228 (2)","318 (3)","145","318","145","309 to 331","C"
"5",5,"HEXACHLOROCYCLOHEXANE, GAMMA-","58-89-9","","283","","283","","245 to 304","C"
"6",6,"ENDRIN","72-20-8","","330","","330","","330 to 331","C"
"7",7,"BENZO(B)FLUORANTHENE","205-99-2","","420","","420","","355 to 462","C"
"8",8,"BENZO(A)ANTHRACENE","56-55-3","437 (3)","410 (3)","437","410","437 to 438","399 to 421","C"
"9",9,"NAPHTHALENE","91-20-3","218 (5)","221 (4)","218","221","218","195 to 233","C"
"10",10,"FLUORANTHENE","206-44-0","380 (2)","350 (3)","375","350","375","298 to 380","C"
"11",11,"TRIFLURALIN","1582-09-8","","360","","360","","348 to 382","C"
"12",12,"ACENAPHTHENE","83-32-9","279 (4)","271 (3)","278","271","278 to 279","269 to 273","C"
"13",13,"DDD, P,P'-","72-54-8","272 (2)","345 (3)","193","345","193","327 to 367","C"
"14",14,"BENZIDINE","92-87-5","394 (6)","358 (3)","400","358","359 to 402","337 to 370","C"
"15",15,"DISULFOTON","298-04-4","","316","","316","","303 to 332","C"
"16",16,"DIAZINON","333-41-5","","331","","331","","288 to 366","C"
"17",17,"ENDOSULFAN","115-29-7","","366","","366","","332 to 401","C"
"18",18,"HEPTACHLOR EPOXIDE","1024-57-3","","339","","339","","329 to 348","C"
"19",19,"PENTACHLOROPHENOL","87-86-5","309 (3)","292 (3)","309","292","309 to 310","274 to 312","C"
"20",20,"METHOXYCHLOR","72-43-5","346 (1)","359 (3)","346","359","346","343 to 378","C"
"21",21,"DI-N-BUTYL PHTHALATE","84-74-2","340 (5)","336 (4)","340","336","339 to 340","321 to 348","C"
"22",22,"CHLORPYRIFOS","2921-88-2","160 (1)","350 (3)","160","350","160","305 to 377","C"
"23",23,"DI(2-ETHYLHEXYL)PHTHALATE","117-81-7","308 (4)","399 (3)","230","399","230 to 386","383 to 417","C"
"24",24,"2,4,6-TRICHLOROPHENOL","88-06-2","246 (5)","243 (3)","246","243","245 to 246","232 to 262","C"
"25",25,"2,4-DINITROPHENOL","51-28-5","113 (1)","328 (3)","113","328","113","306 to 344","C"
"26",26,"2,4-DINITROTOLUENE","121-14-2","300 (2)","300 (3)","300","300","300","297 to 305","C"
"27",27,"ETHION","563-12-2","150 (1)","385 (3)","150","385","150","345 to 415","C"
"28",28,"DIMETHYLARSINIC ACID","75-60-5","","176","","176","itle""><p c","",""
"29",29,"AZINPHOS-METHYL","86-50-0","","369","","369","","323 to 455","C"
"30",30,"2,4,5-TRICHLOROPHENOL","95-95-4","248 (2)","245 (3)","248","245","248","229 to 262","C"
"31",31,"DICOFOL","115-32-2","225 (1)","372 (3)","225","372","225","350 to 398","C"
"32",32,"PARATHION","56-38-2","375 (2)","349 (3)","375","349","375","314 to 372","C"
"33",33,"CRESOL, PARA-","106-44-5","202 (7)","196 (3)","202","196","201 to 202","191 to 199","C"
"34",34,"PHENOL","108-95-2","181 (5)","180 (3)","181","180","181 to 182","170 to 195","C"
"35",35,"MERCURIC CHLORIDE","7487-94-7","302 (3)"," class=","<td cla","-</td>","","s=""table-c",""
"36",36,"DDT, O,P'-","789-02-6","","345","","345","","329 to 368","C"
"37",37,"4,6-DINITRO-O-CRESOL","534-52-1","378 (1)","336 (3)","378","336","378","311 to 353","C"
"38",38,"1,2,3-TRICHLOROBENZENE","87-61-6","219 (4)","209 (3)","219","209","218 to 219","206 to 215","C"
"39",39,"LEAD","7439-92-1","1740 (1","485 (1)","1740","485","1740","ss=""ellips",""
"40",40,"CADMIUM","7440-43-9","766 (2)","485 (1)","766","485","765 to 767","ss=""ellips",""
"41",41,"CHROMIUM, HEXAVALENT","18540-29-9",NA,NA,NA,NA,NA,NA,NA
"42",42,"COBALT","7440-48-4","3000 (2","483 (1)","3000","483","2900 to 31","ss=""ellips",""
"43",43,"NICKEL","7440-02-0","2780 (2","483 (1)","2780","483","2730 to 28","ss=""ellips",""
"44",44,"ZINC","7440-66-6","","483","","483","","",""
"45",45,"METHYLMERCURY","22967-92-6",NA,NA,NA,NA,NA,NA,NA
"46",46,"2,3',4,4',5-Pentachlorobiphenyl","31508-00-6","","340","","340","","309 to 378","C"
"47",47,"HEXACHLOROCYCLOHEXANE, BETA-","319-85-7","","283","","283","","245 to 304","C"
"48",48,"2,3,7,8-TETRACHLORODIBENZO-P-DIOXIN","1746-01-6","","362","","362","","345 to 379","C"
"49",49,"HEXACHLOROBENZENE","118-74-1","313 (4)","297 (3)","323","297","323 to 326","291 to 304","C"
"50",50,"HEXACHLOROCYCLOHEXANE, TECHNICAL GRADE","608-73-1","","283","","283","","245 to 304","C"
"51",51,"CHLORDANE, TECHNICAL","12789-03-6",NA,NA,NA,NA,NA,NA,NA
"52",52,"POLYCHLORINATED BIPHENYLS","1336-36-3",NA,NA,NA,NA,NA,NA,NA
"53",53,"1,2,3,4,6,7,8,9-OCTACHLORODIBENZOFURAN","39001-02-0","","418","","418","","386 to 458","C"
"54",54,"2,3,4,7,8-PENTACHLORODIBENZOFURAN","57117-31-4","","354","","354","","326 to 402","C"
"55",55,"2,3,7,8-TETRACHLORODIBENZOFURAN","51207-31-9","","349","","349","","329 to 383","C"
"56",56,"1,2,3,4,6,7,8-HEPTACHLORODIBENZOFURAN","67562-39-4","","391","","391","","355 to 439","C"
"57",57,"2,4-D ACID","94-75-7","222 (3)","311 (3)","160","311","160 to 345","291 to 329","C"
"58",58,"DIURON","330-54-1","183 (3)","327 (3)","180","327","180 to 190","313 to 354","C"
"59",59,"PYRENE","129-00-0","399 (4)","375 (3)","393","375","393 to 404","372 to 380","C"
"60",60,"METOLACHLOR","51218-45-2","","318","","318","","282 to 383","C"
"61",61,"simazine","122-34-9","","307","","307","","276 to 338","C"
"62",62,"Fluorene","86-73-7","295 (5)","286 (3)","295","286","295","276 to 293","C"
"63",63,"Biphenyl","92-52-4","255 (6)","254 (3)","254","254","254 to 255","220 to 273","C"
"64",64,"Anthracene","120-12-7","340 (5)","326 (3)","340","326","337 to 342","315 to 337","C"
"65",65,"Atrazine","1912-24-9","","312","","312","","284 to 339","C"
"66",66,"Propazine","139-40-2","","318","","318","","294 to 340","C"
"67",67,"Prometryn","7287-19-6","","349","","349","","341 to 358","C"
"68",68,"Prometon","1610-18-0","","320","","320","","296 to 340","C"
"69",69,"Terbacil","5902-51-2","","326","","326","","280 to 396","C"
"70",70,"Oxyfluorfen","42874-03-3","358 (1)","364 (3)","358","364","358","344 to 396","C"
"71",71,"Molinate","2212-67-1","","254","","254","","228 to 299","C"
"72",72,"S-Ethyl-N,N-Dipropylthiocarbamate","759-94-4","127 (1)","240 (3)","127","240","127","216 to 288","C"
"73",73,"Cycloate","1134-23-2","","273","","273","","242 to 323","C"
"74",74,"Bromacil","314-40-9","","332","","332","","280 to 421","C"
"75",75,"DICAMBA","1918-00-9","","308","","308","","293 to 329","C"
"76",76,"PICLORAM","1918-02-1","","331","","331","","296 to 373","C"
"77",77,"PENDIMENTHALIN","40487-42-1","330 (1)","352 (3)","330","352","330","327 to 394","C"
"78",78,"ISOXAFLUTOLE","141112-29-0","","370","","370","","311 to 424","C"
"79",79,"ACETOCHLOR","34256-82-1","","322","","322","","291 to 378","C"
"80",80,"IMAZAPYR","81334-34-1","","371","","371","","276 to 538","C"
"81",81,"IMAZAPIC","104098-48-8","","377","","377","","300 to 529","C"
"82",82,"AMETRYN","834-12-8","345 (1)","344 (3)","345","344","345","341 to 349","C"
"83",83,"HEXAZINONE","51235-04-2","","343","","343","","295 to 408","C"
"84",84,"METSULFURON METHYL","74223-64-6","","382","","382","","265 to 562","C"
"85",85,"Acenaphthylene 2000 μg/mL","208-96-8","280 (2)","283 (3)","280","283","280","275 to 291","C"
"86",86,"Metribuzin","21087-64-9","","322","","322","","300 to 367","C"
"87",87,"HALOSULFURON METHYL","100784-20-1","","394","","394","","281 to 595","C"
"88",88,"BENZENE","71-43-2","80.0 (6","90.5 (3","80.0","90.5","80.0 to 80","75.7 to 10","C"
"89",89,"BENZO(A)PYRENE","50-32-8","495 (3)","444 (3)","495","444","495","428 to 462","C"
"90",90,"DIBENZO(A,H)ANTHRACENE","53-70-3","524 (2)","481 (3)","524","481","524","465 to 508","C"
"91",91,"BENZO(K)FLUORANTHENE","207-08-9","480 (2)","420 (3)","480","420","480","355 to 462","C"
"92",92,"XYLENES, TOTAL","1330-20-7",NA,NA,NA,NA,NA,NA,NA
"93",93,"TOLUENE","108-88-3","111 (5)","118 (4)","111","118","111","107 to 128","C"
"94",94,"ETHYLBENZENE","100-41-4","136 (4)","145 (4)","136","145","135 to 136","134 to 155","C"
"95",95,"CHRYSENE","218-01-9","448 (3)","410 (3)","448","410","448","399 to 421","C"
"96",96,"2-METHYLNAPHTHALENE","91-57-6","241 (5)","236 (3)","241","236","239 to 243","212 to 250","C"
"97",97,"PHENANTHRENE","85-01-8","339 (5)","326 (3)","340","326","336 to 340","315 to 337","C"
"98",98,"STYRENE","100-42-5","145 (5)","143 (3)","145","143","145 to 146","141 to 147","C"
"99",99,"1-Methylnaphthalene","90-12-0","242 (5)","235 (3)","242","235","240 to 245","209 to 250","C"
"100",100,"1,2,4-Trimethylbenzene","95-63-6","169 (7)","169 (3)","169","169","168 to 171","167 to 171","C"
"101",101,"Isopropalin","33820-53-0","","363","","363","","342 to 407","C"
"102",102,"Pebulat","1114-71-2","202 (1)","246 (3)","202","246","202","203 to 303","C"
"103",103,"TERBUTRYN","886-50-0","401 (1)","344 (3)","401","344","401","339 to 349","C"
"104",104,"HEDONAL (Carbamate)","93-65-2","298 (1)","301 (3)","298","301","298","282 to 326","C"
"105",105,"a-Methylstyrene","98-83-9","168 (5)","163 (3)","168","163","166 to 173","163 to 165","C"
"106",106,"Pentane","109-66-0","35.9 (5","43.1 (3","36.0","43.1","35.0 to 36","39.4 to 46","C"
"107",107,"m-Xylene (Benzene, 1,3-dimethyl-)","108-38-3","139 (4)","142 (3)","139","142","138 to 139","138 to 148","C"
"108",108,"Cyclohexane 5.4 wt. %","110-82-7","80.7 (6","81.5 (3","80.7","81.5","80.0 to 81","73.1 to 89","C"
"109",109,"3-Methylcholanthrene","56-49-5","280 (1)","435 (3)","280","435","280","411 to 455","C"
"110",110,"Benzo[ghi]perylene 200 μg/mL","191-24-2","500 (1)","479 (3)","500","479","500","428 to 522","C"
"111",111,"GLUFOSINATE","77182-82-2","","303","","303","","280 to 327","C"
"112",112,"2,2',4,4',5,5'-Hexachlorobiphenyl","35065-27-1","","351","","351","","325 to 397","C"
"113",113,"Pentadecane","629-62-9","270 (4)","267 (3)","270","267","268 to 270","261 to 271","C"
"114",114,"Decane","124-18-5","174 (4)","169 (3)","174","169","172 to 174","165 to 175","C"
"115",115,"p-Cymene","99-87-6","177 (7)","175 (3)","177","175","176 to 178","172 to 178","C"
"116",116,"1,3,5-Trimethylbenzene","108-67-8","164 (8)","165 (3)","165","165","163 to 166","157 to 170","C"
"117",117,"Hexadecane","544-76-3","287 (4)","287 (3)","287","287","287","277 to 298","C"
"118",118,"Undecane","1120-21-4","196 (4)","194 (3)","196","194","196","186 to 206","C"
"119",119,"1,2,4,5-Tetramethylbenzene","95-93-2","194 (4)","192 (3)","193","192","191 to 196","191 to 195","C"
"120",120,"Dibenzothiophene","132-65-0","333 (1)","317 (3)","333","317","333","303 to 334","C"
"121",121,"Indene","95-13-6","182 (5)","184 (3)","181","184","181 to 182","181 to 188","C"
"122",122,"Propylbenzene","103-65-1","159 (4)","162 (3)","159","162","159 to 160","156 to 170","C"
"123",123,"Cyclopentane","287-92-3","49.0 (6","51.4 (3","49.0","51.4","47.0 to 50","44.0 to 62","C"
"124",124,"Isoprene (2-Methyl-1,3-butadiene)","78-79-5","34.3 (2","35.3 (3","34.5","35.3","33.0 to 36","35.0 to 35","C"
"125",125,"Methylcyclopentane 3.269 wt. %","96-37-7","71.6 (3","72.9 (3","71.5","72.9","71.0 to 72","68.4 to 80","C"
"126",126,"S,S,S-TRIBUTYL PHOSPHOROTRITHIOATE","78-48-8","","341","","341","","288 to 392","C"
"127",127,"1,4-DICHLOROBENZENE","106-46-7","174 (5)","173 (3)","174","173","173 to 174","170 to 175","C"
"128",128,"PHORATE","298-02-2","","296","","296","","284 to 319","C"
"129",129,"DIBENZOFURAN","132-64-9","251 (6)","282 (3)","287","282","154 to 332","251 to 304","C"
"130",130,"CRESOL, ORTHO-","95-48-7","192 (7)","193 (3)","191","193","190 to 201","186 to 201","C"
"131",131,"ETHOPROP","13194-48-4","","286","","286","","250 to 323","C"
"132",132,"N-NITROSODIPHENYLAMINE","86-30-6","","318","","318","","292 to 359","C"
"133",133,"DIMETHOATE","60-51-5","117 (1)","330 (3)","117","330","117","309 to 361","C"
"134",134,"BUTYLATE","2008-41-5","","254","","254","","225 to 300","C"
"135",135,"2,6-DINITROTOLUENE","606-20-2","289 (4)","300 (3)","285","300","285","297 to 305","C"
"136",136,"BIS(2-ETHYLHEXYL)ADIPATE","103-23-1","250 (3)","393 (4)","167","393","166 to 168","377 to 416","C"
"137",137,"CARBARYL","63-25-2","315 (2)","317 (3)","315","317","315","297 to 328","C"
"138",138,"permethrin","52645-53-1","200 (1)","380 (3)","200","380","200","342 to 438","C"
"139",139,"iprodione","36734-19-7","","407","","407","","324 to 545","C"
"140",140,"carbendazim","10605-21-7","","346","","346","","275 to 405","C"
"141",141,"benomyl","17804-35-2","","370","","370","","276 to 520","C"
"142",142,"prochloraz","67747-09-5","","382","","382","","314 to 501","C"
"143",143,"vinclozolin","50471-44-8","","369","","369","","310 to 447","C"
"144",144,"fenitrothion","122-14-5","","341","","341","","315 to 360","C"
"145",145,"fenvalerate","51630-58-1","","417","","417","","334 to 480","C"
"146",146,"Ethoxyquin","91-53-2","124 (3)","306 (3)","124","306","123 to 125","297 to 317","C"
"147",147,"Myclobutanil","88671-89-0","202 (1)","354 (3)","202","354","202","318 to 407","C"
"148",148,"Tebuconazole","107534-96-3","","346","","346","","321 to 395","C"
"149",149,"Rotenone","83-79-4","215 (1)","411 (3)","215","411","215","309 to 501","C"
"150",150,"Aldicarb","116-06-3","","264","","264","","253 to 276","C"
"151",151,"Thiabendazole","148-79-8","","360","","360","","307 to 443","C"
"152",152,"2-Phenylphenol","90-43-7","228 (7)","289 (3)","218","289","152 to 287","249 to 317","C"
"153",153,"Reserpine","50-55-5","700 (1)","482 (3)","700","482","700","302 to 682","C"
"154",154,"Linuron","330-55-2","","329","","329","","306 to 366","C"
"155",155,"Fenarimol","60168-88-9","","378","","378","","343 to 437","C"
"156",156,"Bisphenol A","80-05-7","200 (1)","349 (3)","200","349","200","334 to 364","C"
"157",157,"Diethylstilbestrol (DES)","56-53-1","","386","","386","","364 to 407","C"
"158",158,"Metalaxyl","57837-19-1","","325","","325","","297 to 378","C"
"159",159,"Abamectin","71751-41-2",NA,NA,NA,NA,NA,NA,NA
"160",160,"Pyriproxyfen","95737-68-1","","377","","377","","333 to 424","C"
"161",161,"Propyzamide","23950-58-5","","343","","343","","311 to 382","C"
"162",162,"Phosmet","732-11-6","","412","","412","","351 to 480","C"
"163",163,"Pentachloronitrobenzene","82-68-8","328 (2)","320 (3)","328","320","328","301 to 335","C"
"164",164,"Norflurazon","27314-13-2","","344","","344","","304 to 387","C"
"165",165,"MGK-264","113-48-4","","353","","353","","304 to 443","C"
"166",166,"Malathion","121-75-5","60.0 (1","334 (3)","60.0","334","60.0","290 to 360","C"
"167",167,"Chlorthal-dimethyl","1861-32-1","365 (1)","338 (3)","365","338","365","324 to 346","C"
"168",168,"Bifenthrin","82657-04-3","","365","","365","","296 to 437","C"
"169",169,"6-Propyl-2-thiouracil","51-52-5","","341","","341","","299 to 400","C"
"170",170,"INDENO(1,2,3-CD)PYRENE","193-39-5","536 (1)","458 (3)","536","458","536","366 to 522","C"
"171",171,"2,2',3,4,4',5,5'-Heptachlorobiphenyl","35065-29-3","","362","","362","","334 to 416","C"
"172",172,"2,2',3,4,4',5'-Hexachlorobiphenyl","35065-28-2","","352","","352","","325 to 397","C"
"173",173,"2,2',4,5,5'-Pentachlorobiphenyl","37680-73-2","","342","","342","","312 to 378","C"
"174",174,"2,2',5,5'-Tetrachlorobiphenyl","35693-99-3","","325","","325","","293 to 360","C"
"175",175,"3,3',4-Trichlorobiphenyl","37680-69-6","","309","","309","","293 to 324","C"
"176",176,"2,4,4'-Trichlorobiphenyl","7012-37-5","","317","","317","","286 to 341","C"
"177",177,"2,3,3'-Trichlorobiphenyl","38444-84-7","","316","","316","","284 to 341","C"
"178",178,"2,4'-Dichlorobiphenyl","34883-43-7","","302","","302","","270 to 320","C"
"179",179,"Phenanthrene","85-01-08",NA,NA,NA,NA,NA,NA,NA
"180",180,"ORGANOSILICONE","67763-03-5",NA,NA,NA,NA,NA,NA,NA
"181",181,"OXITENO (EMULSIFYING AGENT)","25322-68-3",NA,NA,NA,NA,NA,NA,NA
"182",182,"PYRASOSULFURON ETHYL","93697-74-6","","392","","392","","281 to 588","C"
"183",183,"TRIFLOXYSULFURON","145099-21-4","","372","","372","","265 to 551","C"
"184",184,"GLYPHOSATE","1071-83-6","","349","","349","","310 to 417","C"
"185",185,"INDAZIFLAM","950782-86-2","","380","","380","","305 to 503","C"
"186",186,"Allylbenzene","300-57-2",NA,NA,NA,NA,NA,NA,NA
"187",187,"Cyclopentene","142-29-0","44.5 (5","52.3 (3","45.0","52.3","44.0 to 45","45.2 to 65","C"
"188",188,"cis-1,3-Pentadiene","1574-41-0","42.7 (1","46.9 (2","42.7","46.9","42.7","43.2 to 50","C"
"189",189,"Naphtha (petroleum), hydrotreated heavy","64742-48-9",NA,NA,NA,NA,NA,NA,NA
"190",190,"Naphthalene, methyl-","1321-94-4",NA,NA,NA,NA,NA,NA,NA
"191",191,"4,7-Methano-1H-indene, octahydro-","6004-38-2",NA,NA,NA,NA,NA,NA,NA
"192",192,"2-Methylbutane (Butane, 2-methyl-)","78-78-4","28.6 (3","35.0 (4","29.0","35.0","28.0 to 30","30.2 to 40","C"
"193",193,"cis,trans,cis-1,2,4-Trimethylcyclopentane 1.673 wt. %","16883-48-0",NA,NA,NA,NA,NA,NA,NA
"194",194,"cis,cis,cis-1,3,5-Trimethylcyclohexane 3.558 wt. %","1795-27-3",NA,NA,NA,NA,NA,NA,NA
"195",195,"cis,trans,trans-1,2,4-Trimethylcyclohexane 3.634 wt. %","1678-80-4",NA,NA,NA,NA,NA,NA,NA
"196",196,"cis,trans,cis-1,2,4-Trimethylcyclohexane 3.541 wt. %","7667-59-6",NA,NA,NA,NA,NA,NA,NA
"197",197,"1,1,4-Trimethylcyclohexane 3.68 wt. %","7094-27-1","","137","","137","","134 to 139","C"
"198",198,"1,1,2-Trimethylcyclohexane 3.371 wt. %","7094-26-0",NA,NA,NA,NA,NA,NA,NA
"199",199,"Propylcyclopentane 3.677 wt. %","2040-96-2","131 (1)","131 (3)","131","131","131","128 to 134","C"
"200",200,"trans-1-Methyl-2-propylcyclohexane 3.289 wt. %","42806-77-9",NA,NA,NA,NA,NA,NA,NA
"201",201,"t-1-Methyl-2-(4MP)cyclopentane 3.795 wt. %","66553-50-2",NA,NA,NA,NA,NA,NA,NA
"202",202,"Methylcyclohexane 5.711 wt. %","108-87-2","101 (1)","104 (3)","101","104","101","102 to 107","C"
"203",203,"Isopropylcyclopentane 3.511 wt. %","3875-51-2","127 (1)","122 (3)","127","122","127","114 to 128","C"
"204",204,"Isopropylcyclohexane 5.77 wt. %","696-29-7","155 (1)","150 (3)","155","150","155","139 to 159","C"
"205",205,"Isobutylcyclopentane 3.727 wt. %","3788-32-7","148 (1)","144 (3)","148","144","148","137 to 152","C"
"206",206,"Isobutylcyclohexane 5.639 wt. %","1678-98-4","171 (1)","167 (3)","171","167","171","161 to 173","C"
"207",207,"1-Ethyl-1-methylcyclopentane 1.076 wt. %","16747-50-5","122 (1)","120 (3)","122","120","122","116 to 122","C"
"208",208,"Ethylcyclopentane 3.575 wt. %","1640-89-7","104 (1)","103 (3)","104","103","104","102 to 105","C"
"209",209,"trans-1,3-Dimethylcyclopentane 2.749 wt. %","1759-58-6",NA,NA,NA,NA,NA,NA,NA
"210",210,"cis-1,3-Dimethylcyclopentane .604 wt. %","2532-58-3",NA,NA,NA,NA,NA,NA,NA
"211",211,"trans-1,2-Dimethylcyclopentane 1.468 wt. %","822-50-4",NA,NA,NA,NA,NA,NA,NA
"212",212,"1,1-Dimethylcyclopentane 3.483 wt. %","1638-26-2","87.5 (1","90.0 (3","87.5","90.0","87.5","83.2 to 95","C"
"213",213,"trans-1,4-Dimethylcyclohexane 3.557 wt. %","2207-04-7",NA,NA,NA,NA,NA,NA,NA
"214",214,"trans-1,2-Dimethylcyclohexane 1.669 wt. %","6876-23-9","126 (1)","126 (2)","126","126","126","124 to 129","C"
"215",215,"cis-1,2-Dimethylcyclohexane 3.725 wt. %","2207-01-4","126 (1)","126 (2)","126","126","126","124 to 129","C"
"216",216,"n-Butylcyclopentane 3.724 wt. %","2040-95-1","194 (2)","153 (3)","232","153","232","151 to 155","C"
"217",217,"Dibenz[a,j]acridine","224-42-0","","473","","473","","440 to 502","C"
"218",218,"Benzo[j]fluoranthene","205-82-3","","420","","420","","355 to 462","C"
"219",219,"Dibenz[a,h]acridine","226-36-8","","474","","474","","445 to 502","C"
"220",220,"Dibenzo[a,h]pyrene","192-51-8","","501","","501","","464 to 527","C"
"221",221,"Dibenzo[a,e]pyrene","192-65-4","","501","","501","","464 to 527","C"
"222",222,"CHLOROFORM","67-66-3","61.2 (5","70.0 (3","61.3","70.0","60.5 to 61","54.5 to 91","C"
"223",223,"TRICHLOROETHYLENE","79-01-6","87.0 (6","89.4 (3","87.0","89.4","86.7 to 87","84.8 to 97","C"
"224",224,"HEXACHLOROBUTADIENE","87-68-3","214 (6)","217 (3)","215","217","210 to 220","216 to 220","C"
"225",225,"DDE, P,P'-","72-55-9","336 (1)","339 (3)","336","339","336","316 to 363","C"
"226",226,"CHLORDANE","57-74-9","","339","","339","","329 to 351","C"
"227",227,"ACROLEIN","107-02-8","52.5 (5","56.8 (3","52.9","56.8","51.0 to 53","50.0 to 62","C"
"228",228,"TOXAPHENE","8001-35-2",NA,NA,NA,NA,NA,NA,NA
"229",229,"TETRACHLOROETHYLENE","127-18-4","121 (6)","120 (3)","121","120","120 to 121","114 to 130","C"
"230",230,"1,2-DIBROMOETHANE","106-93-4","132 (4)","129 (3)","132","129","131 to 132","124 to 132","C"
"231",231,"1,2-DIBROMO-3-CHLOROPROPANE","96-12-8","196 (5)","197 (3)","196","197","196","197","C"
"232",232,"CARBON TETRACHLORIDE","56-23-5","76.8 (3","77.1 (3","76.8","77.1","76.7 to 77","75.2 to 80","C"
"233",233,"AROCLOR 1016","12674-11-2",NA,NA,NA,NA,NA,NA,NA
"234",234,"3,3'-DICHLOROBENZIDINE","91-94-1","394 (2)","369 (3)","420","369","420","339 to 407","C"
"235",235,"PENTACHLOROBENZENE","608-93-5","277 (1)","263 (3)","277","263","277","258 to 266","C"
"236",236,"1,1-DICHLOROETHENE","75-35-4","31.3 (4","35.2 (3","31.7","35.2","30.0 to 32","24.4 to 44","C"
"237",237,"BIS(2-CHLOROETHYL) ETHER","111-44-4","139 (3)","172 (3)","120","172","60.0 to 17","166 to 177","C"
"238",238,"METHYLENE CHLORIDE","75-09-2","39.8 (6","50.8 (3","40.0","50.8","39.0 to 40","36.0 to 80","C"
"239",239,"4,4'-METHYLENEBIS(2-CHLOROANILINE)","101-14-4","293 (2)","375 (3)","208","375","202 to 214","359 to 405","C"
"240",240,"1,2-DICHLOROETHANE","107-06-2","83.2 (5","88.2 (3","83.0","88.2","83.0 to 83","74.2 to 10","C"
"241",241,"HEXACHLOROCYCLOHEXANE, ALPHA-","319-84-6","","283","","283","","245 to 304","C"
"242",242,"1,1,1-TRICHLOROETHANE","71-55-6","96.7 (4","74.0 (3","74.0","74.0","73.9 to 16","65.6 to 81","C"
"243",243,"N-NITROSODI-N-PROPYLAMINE","621-64-7","206 (1)","210 (3)","206","210","206","189 to 236","C"
"244",244,"CHLOROBENZENE","108-90-7","132 (6)","128 (3)","132","128","132","120 to 140","C"
"245",245,"CHLORDECONE","143-50-0","","390","","390","","359 to 441","C"
"246",246,"1,1,2,2-TETRACHLOROETHANE","79-34-5","145 (5)","144 (3)","146","144","142 to 147","135 to 150","C"
"247",247,"1,1-DICHLOROETHANE","75-34-3","57.1 (5","60.2 (3","57.0","60.2","57.0 to 57","56.3 to 63","C"
"248",248,"NALED","300-76-5","","301","","301","","275 to 328","C"
"249",249,"1,1,2-TRICHLOROETHANE","79-00-5","114 (4)","120 (3)","114","120","110 to 115","113 to 128","C"
"250",250,"HEXACHLOROCYCLOPENTADIENE","77-47-4","239 (3)","232 (3)","239","232","239","217 to 240","C"
"251",251,"1,2-DIPHENYLHYDRAZINE","122-66-7","309 (1)","327 (3)","309","327","309","311 to 350","C"
"252",252,"1,2-DICHLOROBENZENE","95-50-1","180 (5)","174 (3)","180","174","178 to 181","174 to 175","C"
"253",253,"1,2-DICHLOROETHENE, TRANS-","156-60-5","52.0 (6","54.9 (3","48.0","54.9","47.0 to 60","54.0 to 55","C"
"254",254,"CARBON DISULFIDE","75-15-0","46.1 (5","44.2 (3","46.0","44.2","46.0 to 46","34.8 to 51","C"
"255",255,"2,4-DIMETHYLPHENOL","105-67-9","211 (4)","211 (3)","211","211","209 to 213","206 to 216","C"
"256",256,"ACETONE","67-64-1","56.0 (5","44.9 (3","56.0","44.9","56.0 to 56","41.5 to 48","C"
"257",257,"HEXACHLOROETHANE","67-72-1","","176","","176","","154 to 203","C"
"258",258,"BUTYL BENZYL PHTHALATE","85-68-7","370 (4)","364 (3)","370","364","370","350 to 387","C"
"259",259,"DICHLORVOS","62-73-7","234 (1)","236 (3)","234","236","234","221 to 252","C"
"260",260,"N-NITROSODIMETHYLAMINE","62-75-9","153 (3)","150 (3)","152","150","152","141 to 156","C"
"261",261,"1,2,4-TRICHLOROBENZENE","120-82-1","213 (6)","208 (3)","213","208","213 to 214","207 to 209","C"
"262",262,"BROMOFORM","75-25-2","149 (6)","155 (3)","150","155","148 to 150","148 to 167","C"
"263",263,"1,3-DICHLOROBENZENE","541-73-1","173 (4)","171 (3)","173","171","173","165 to 175","C"
"264",264,"2,4-DICHLOROPHENOL","120-83-2","210 (3)","219 (3)","210","219","209 to 210","207 to 234","C"
"265",265,"1,4-DIOXANE","123-91-1","103 (6)","103 (3)","101","103","100 to 120","103","C"
"266",266,"2-BUTANONE","78-93-3","79.7 (6","73.7 (3","80.0","73.7","78.6 to 80","70.4 to 78","C"
"267",267,"1,2-DICHLOROETHYLENE","540-59-0","55.0 (1","54.9 (3","55.0","54.9","55.0","54.0 to 55","C"
"268",268,"4-AMINOBIPHENYL","92-67-1","274 (4)","306 (3)","302","306","191 to 302","289 to 326","C"
"269",269,"BIS(CHLOROMETHYL) ETHER","542-88-1","106 (1)","113 (3)","106","113","106","105 to 129","C"
"270",270,"DIBROMOCHLOROMETHANE","124-48-1","118 (3)","127 (3)","117","127","115 to 118","116 to 143","C"
"271",271,"CRESOLS","1319-77-3",NA,NA,NA,NA,NA,NA,NA
"272",272,"2-CHLOROPHENOL","95-57-8","175 (4)","190 (3)","176","190","175 to 176","172 to 203","C"
"273",273,"DIMETHYL FORMAMIDE","68-12-2","153 (6)","144 (3)","153","144","153","117 to 164","C"
"274",274,"DIMETHYLANILINE","121-69-7","193 (6)","185 (3)","193","185","192 to 194","169 to 197","C"
"275",275,"PENTAERYTHRITOL TETRANITRATE","78-11-5","","328","","328","","309 to 364","C"
"276",276,"ACRYLONITRILE","107-13-1","77.4 (4","86.6 (3","77.2","86.6","77.0 to 78","76.3 to 94","C"
"277",277,"1,2-DICHLOROETHENE, CIS-","156-59-2","54.4 (1","54.9 (3","54.4","54.9","54.4","54.0 to 55","C"
"278",278,"CARBAZOLE","86-74-8","351 (5)","330 (3)","355","330","335 to 356","325 to 340","C"
"279",279,"1,2,3-TRICHLOROPROPANE","96-18-4","157 (5)","154 (3)","156","154","156 to 158","144 to 162","C"
"280",280,"METHYL ISOBUTYL KETONE","108-10-1","117 (8)","111 (3)","117","111","115 to 118","105 to 115","C"
"281",281,"b-cypermethrin","52315-07-8","","399","","399","","339 to 450","C"
"282",282,"b-cyfluthrin","68359-37-5","","400","","400","","330 to 448","C"
"283",283,"methomyl","16752-77-5","","244","","244","","228 to 274","C"
"284",284,"propiconazole","60207-90-1","","361","","361","","319 to 415","C"
"285",285,"deltamethrin","52918-63-5","","426","","426","","357 to 491","C"
"286",286,"Azobenzene","103-33-3","293 (4)","292 (3)","293","292","293","285 to 296","C"
"287",287,"Tris(2-chloroethyl) phosphate","115-96-8","330 (1)","334 (3)","330","334","330","322 to 352","C"
"288",288,"Acrylamide","79-06-1","170 (4)","200 (3)","125","200","125 to 300","196 to 202","C"
"289",289,"2-Methyoxyethanol","109-86-4","124 (4)","120 (3)","124","120","124 to 125","115 to 123","C"
"290",290,"Captan","133-06-2","","345","","345","","298 to 438","C"
"291",291,"Benzoic acid","65-85-0","249 (6)","251 (3)","249","251","249","248 to 256","C"
"292",292,"Adipic acid","124-04-9","271 (4)","322 (4)","205","322","205 to 337","310 to 336","C"
"293",293,"Bis(tributyltin)oxide","56-35-9","","417","","417","itle""><p c","",""
"294",294,"Hexachlorophene","70-30-4","479 (1)","446 (3)","479","446","479","416 to 464","C"
"295",295,"17beta-Estradiol","50-28-2","","368","","368","","336 to 395","C"
"296",296,"Isophorone","78-59-1","176 (6)","208 (3)","214","208","99.0 to 21","201 to 216","C"
"297",297,"Propargite","2312-35-8","","379","","379","","323 to 442","C"
"298",298,"Ethylene thiourea","96-45-7","309 (2)","315 (3)","271","315","230 to 313","264 to 346","C"
"299",299,"Chlorothalonil","1897-45-6","350 (1)","340 (4)","350","340","350","318 to 355","C"
"300",300,"Ammonium perchlorate","7790-98-9",NA,NA,NA,NA,NA,NA,NA
"301",301,"HYDRAZINE","302-01-2","113 (1)","499 (1)","113","499","113","ss=""ellips",""
"302",302,"RDX (Cyclonite)","121-82-4","","293","","293","","256 to 353","C"
"303",303,"NITRATE","14797-55-8","","493","","493","","",""
"304",304,"FORMALDEHYDE","50-00-0","-20.1 (","-11.5 (","-21.1","-11.5","-21.1","-24.0 to 9","C"
"305",305,"ARSINE","7784-42-1","-62.8 ("," class=","<td cla","-</td>","","","""t"
"306",306,"AROCLOR 1260","11096-82-5",NA,NA,NA,NA,NA,NA,NA
"307",307,"ENDOSULFAN, ALPHA","959-98-8","","366","","366","","332 to 401","C"
"308",308,"ENDOSULFAN SULFATE","1031-07-8","","383","","383","","337 to 409","C"
"309",309,"DDD, O,P'-","53-19-0","","342","","342","","317 to 367","C"
"310",310,"P-XYLENE","106-42-3","138 (4)","141 (3)","138","141","137 to 138","135 to 148","C"
"311",311,"ARSENIC TRIOXIDE","1327-53-3",NA,NA,NA,NA,NA,NA,NA
"312",312,"STROBANE","8001-50-1",NA,NA,NA,NA,NA,NA,NA
"313",313,"CARBOPHENOTHION","786-19-6","","368","","368","","318 to 401","C"
"314",314,"4-NITROPHENOL","100-02-7","279 (4)","269 (3)","279","269","279","261 to 282","C"
"315",315,"2-CHLOROANILINE","95-51-2","208 (4)","215 (3)","209","215","207 to 210","205 to 223","C"
"316",316,"tetramethrin","7696-12-0","","386","","386","","322 to 495","C"
"317",317,"ICI 182,780","129453-61-8","","456","","456","","327 to 611","C"
"318",318,"norethindrone","68-22-4","","362","","362","","317 to 400","C"
"319",319,"levonorgestrel","797-63-7","","366","","366","","318 to 412","C"
"320",320,"17b-trenbolone","10161-33-8","","353","","353","","331 to 392","C"
"321",321,"4-androstenedione","63-05-8","","367","","367","","347 to 386","C"
"322",322,"cyproterone acetate","427-51-0","","408","","408","","353 to 465","C"
"323",323,"nilutamide","63612-50-0","","371","","371","","297 to 477","C"
"324",324,"mifepristone","84371-65-3","","440","","440","","330 to 538","C"
"325",325,"resveratrol","501-36-0","","372","","372","","341 to 402","C"
"326",326,"finasteride","98319-26-7","","416","","416","","345 to 550","C"
"327",327,"norethynodrel","68-23-5","","360","","360","","317 to 403","C"
"328",328,"medroxyprogesterone acetate","71-58-9","","407","","407","","385 to 448","C"
"329",329,"19-nortestosterone","434-22-0","","351","","351","","296 to 385","C"
"330",330,"fluoxymestrone","76-43-7","","388","","388","","361 to 421","C"
"331",331,"norethindrone acetate","51-98-9","","377","","377","","352 to 415","C"
"332",332,"testosterone","58-22-0","160 (1)","354 (3)","160","354","160","296 to 390","C"
"333",333,"zearalenone","17924-92-4","","412","","412","","325 to 510","C"
"334",334,"bicalutamide","90357-06-5","","337","","337","","310 to 364","C"
"335",335,"6-Thioguanine (6-TG)","154-42-7","","379","","379","","282 to 514","C"
"336",336,"Pyrimethamine","58-14-0","","354","","354","","311 to 423","C"
"337",337,"2-Octyl-3-isothiazolone","26530-20-1","","308","","308","","268 to 342","C"
"338",338,"8-Hydroxyquinoline","148-24-3","269 (5)","278 (3)","267","278","267 to 276","248 to 296","C"
"339",339,"Dazomet","533-74-4","","281","","281","","238 to 310","C"
"340",340,"Hexamethyl-p-rosaniline chloride","548-62-9","","445","","445","","350 to 632","C"
"341",341,"Thalidomide","50-35-1","","416","","416","","286 to 633","C"
"342",342,"Tetraethylthiuram disulfide","97-77-8","129 (4)","371 (3)","117","371","117 to 166","342 to 386","C"
"343",343,"Saccharin Sodium Salt hydrate","82385-42-0","","284","","284","","272 to 295","C"
"344",344,"Hydroxyurea","127-07-1","","236","","236","","228 to 245","C"
"345",345,"Carbamic acid","55406-53-6","","285","","285","","276 to 301","C"
"346",346,"3,3’,5,5’-Tetrabromobisphenol A","79-94-7","","446","","446","","412 to 486","C"
"347",347,"Acetylsalicylic acid","50-78-2","140 (2)","294 (3)","140","294","140","276 to 316","C"
"348",348,"Triphenyl phosphate","115-86-6","289 (4)","394 (4)","249","394","245 to 413","350 to 441","C"
"349",349,"5-Fluorouracil","51-21-8","","272","","272","","168 to 367","C"
"350",350,"Colchicine","64-86-8","","457","","457","","302 to 562","C"
"351",351,"Acetaminophen","103-90-2","","323","","323","","298 to 341","C"
"352",352,"Sucrose","57-50-1","","409","","409","","313 to 592","C"
"353",353,"Propyl gallate","121-79-9","","331","","331","","310 to 364","C"
"354",354,"Maltol","118-71-8","170 (2)","255 (3)","170","255","170","246 to 264","C"
"355",355,"Citric acid","77-92-9","","359","","359","","318 to 407","C"
"356",356,"Methylparaben","99-76-3","278 (3)","267 (3)","280","267","275 to 280","252 to 284","C"
"357",357,"tert-Butylhydro-quinone (TBHQ)","1948-33-0","288 (3)","282 (3)","295","282","295","277 to 287","C"
"358",358,"Hexylresorcinol","136-77-6","334 (3)","319 (3)","333","319","333 to 335","301 to 331","C"
"359",359,"chlorpromazine Hydrochloride","69-09-0","","346","","346","","343 to 349","C"
"360",360,"2-Amino-4-chlorophenol","95-85-2","276 (1)","270 (3)","276","270","276","265 to 276","C"
"361",361,"p-Quinone","106-51-4","180 (3)","195 (3)","180","195","180","178 to 218","C"
"362",362,"Triamterene","396-01-0","","383","","383","","317 to 505","C"
"363",363,"1-Methyl-Alpha-Ionone","7779-30-8","","273","","273","","268 to 276","C"
"364",364,"Alizarin Yellow R (Mordant Orange 1)","2243-76-7","","378","","378","","322 to 474","C"
"365",365,"Titanocene dichloride","1271-19-8",NA,NA,NA,NA,NA,NA,NA
"366",366,"Retinal","116-31-4","","347","","347","","321 to 368","C"
"367",367,"3,4-Dichlorophenyl isocyanate","102-36-3","119 (3)","235 (3)","119","235","118 to 120","223 to 244","C"
"368",368,"verapamil hydrochloride","152-11-4","","375","","375","","344 to 406","C"
"369",369,"Nifedipine","21829-25-4","","372","","372","","305 to 438","C"
"370",370,"amitriptyline hydrochloride","549-18-8","398 (1)","331 (2)","398","331","398","316 to 346","C"
"371",371,"Tricresyl phosphate","1330-78-5",NA,NA,NA,NA,NA,NA,NA
"372",372,"tert-Butylphenyl diphenyl phosphate","56803-37-3",NA,NA,NA,NA,NA,NA,NA
"373",373,"Phenol, isopropylated, phosphate (3:1)","68937-41-7",NA,NA,NA,NA,NA,NA,NA
"374",374,"Manganese, tricarbonyl","12108-13-3",NA,NA,NA,NA,NA,NA,NA
"375",375,"Isodecyl diphenyl phosphate","29761-21-5",NA,NA,NA,NA,NA,NA,NA
"376",376,"Dibenz[a,c]anthracene","215-58-7","524 (1)","477 (3)","524","477","524","452 to 508","C"
"377",377,"Benzo(e)pyrene","192-97-2","","436","","436","","404 to 462","C"
"378",378,"Acetic acid, manganese(2+) salt","638-38-0",NA,NA,NA,NA,NA,NA,NA
"379",379,"3,3'-Iminodipropionitrile","111-94-4","205 (2)","278 (3)","205","278","204 to 206","270 to 289","C"
"380",380,"2- ethylhexyl diphenyl phosphate","1241-94-7","375 (1)","390 (3)","375","390","375","357 to 443","C"
"381",381,"Valproic acid sodium salt","1069-66-5","","302","","302","","224 to 455","C"
"382",382,"Methyl mercuric (II) chloride","115-09-3","","117","","117","","",""
"383",383,"mexiletine hydrochloride","5370-01-4","","257","","257","","244 to 270","C"
"384",384,"Lignocaine (Lidocaine)","137-58-6","","332","","332","","298 to 387","C"
"385",385,"diltiazem","42399-41-7","","411","","411","","301 to 540","C"
"386",386,"nitrendipine","39562-70-4","","373","","373","","304 to 450","C"
"387",387,"loratadine","79794-75-5","531 (1)","381 (3)","531","381","531","304 to 476","C"
"388",388,"Xylitol","87-99-0","","330","","330","","311 to 345","C"
"389",389,"Lisinopril","83915-83-7","","305","","305","","282 to 328","C"
"390",390,"Glucono-δ-lactone","90-80-2","446 (1)","341 (3)","446","341","446","310 to 399","C"
"391",391,"Atenolol","29122-68-7","","354","","354","","296 to 439","C"
"392",392,"Aspartame","22839-47-0","","373","","373","","284 to 523","C"
"393",393,"D-Glucitol","50-70-4","","353","","353","","314 to 390","C"
"394",394,"Biotin","58-85-5","","338","","338","","255 to 427","C"
"395",395,"Ascorbic acid","50-81-7","","344","","344","","296 to 423","C"
"396",396,"ranolazine","95635-55-5","","429","","429","","320 to 599","C"
"397",397,"Terfenadine","50679-08-8","","449","","449","","339 to 580","C"
"398",398,"Propafenone","54063-53-5","","378","","378","","310 to 464","C"
"399",399,"Quinine·HCl·2H2O","6119-47-7","","329","","329","","317 to 342","C"
"400",400,"ibutilide fumarate","122647-32-9",NA,NA,NA,NA,NA,NA,NA
"401",401,"sotalol hydrochloride","959-24-0","","311","","311","","289 to 333","C"
"402",402,"moxifloxacin hydrochloride","186826-86-8","636 (2)","328 (2)","636","328","636","311 to 346","C"
"403",403,"lamotrigine","84057-84-1","","364","","364","","311 to 450","C"
"404",404,"dofetilide","115256-11-6","","400","","400","","275 to 583","C"
"405",405,"Progesterone","57-83-0","","365","","365","","326 to 396","C"
"406",406,"Tamoxifen citrate","54965-24-1","","379","","379","","344 to 415","C"
"407",407,"Tamoxifen","10540-29-1","","409","","409","","344 to 468","C"
"408",408,"4-Hydroxytamoxifen (E/Z)","68392-35-8","","425","","425","","349 to 503","C"
"409",409,"Spironolactone","52-01-7","","431","","431","","341 to 530","C"
"410",410,"Procymidone","32809-16-8","","380","","380","","310 to 442","C"
"411",411,"Phenobarbital Sodium","57-30-7","","445","","445","","274 to 752","C"
"412",412,"Ketoconazole","65277-42-1","","455","","455","","310 to 670","C"
"413",413,"Hydroxyflutamide","52806-53-8","","331","","331","","290 to 411","C"
"414",414,"Haloperidol","52-86-8","","398","","398","","339 to 461","C"
"415",415,"Flutamide","13311-84-7","","326","","326","","289 to 381","C"
"416",416,"Cycloheximide","66-81-9","","406","","406","","300 to 555","C"
"417",417,"Corticosterone","50-22-6","","421","","421","","386 to 476","C"
"418",418,"p-n-Nonylphenol","104-40-5","129 (2)","309 (3)","129","309","127 to 130","275 to 329","C"
"419",419,"Ethylparaben","120-47-8","298 (3)","282 (3)","298","282","297 to 298","269 to 293","C"
"420",420,"17alpha-Methyltestosterone","58-18-4","","355","","355","","295 to 390","C"
"421",421,"Genistein","446-72-0","556 (1)","397 (3)","556","397","556","338 to 464","C"
"422",422,"Daidzein","486-66-8","","394","","394","","352 to 430","C"
"423",423,"Bisphenol B","77-40-7","","354","","354","","337 to 375","C"
"424",424,"5alpha-Dihydrotestosterone","521-18-6","","360","","360","","288 to 406","C"
"425",425,"4-Cumylphenol","599-64-4","263 (4)","318 (3)","191","318","189 to 335","311 to 328","C"
"426",426,"Estrone","53-16-7","","355","","355","","335 to 392","C"
"427",427,"4-tert-Octylphenol","140-66-9","","278","","278","","269 to 283","C"
"428",428,"17alpha-Estradiol","57-91-0","","368","","368","","336 to 395","C"
"429",429,"meso-Hexestrol","84-16-2","","375","","375","","356 to 396","C"
"430",430,"17alpha-Ethinyl estradiol","57-63-6","","377","","377","","337 to 411","C"
"431",431,"Kaempferol","520-18-3","582 (1)","409 (3)","582","409","582","334 to 513","C"
"432",432,"Chrysin","480-40-0","","383","","383","","329 to 430","C"
"433",433,"Apigenin","520-36-5","556 (1)","394 (3)","556","394","556","329 to 464","C"
"434",434,"Methimazole","60-56-0","280 (5)","279 (3)","280","279","280","258 to 300","C"
"435",435,"Benzophenone 2","131-55-5","","391","","391","","356 to 444","C"
"436",436,"Z-Tetrachlorvinphos","22248-79-9","","360","","360","","315 to 393","C"
"437",437,"Levothyroxine (T4)","51-48-9","","528","","528","","415 to 676","C"
"438",438,"Iopanoic acid","96-83-3","529 (1)","423 (3)","529","423","529","380 to 498","C"
"439",439,"ARSENIC","7440-38-2","","473","","473","","",""
"440",440,"MERCURY","7439-97-6","357 (2)","502 (1)","357","502","357","ss=""ellips",""
"441",441,"VINYL CHLORIDE","75-01-4","-13.6 (","-10.3 (","-13.9","-10.3","-13.9 to -","-19.3 to 3","C"
"442",442,"POLYCYCLIC AROMATIC HYDROCARBONS","130498-29-2",NA,NA,NA,NA,NA,NA,NA
"443",443,"AROCLOR 1254","11097-69-1",NA,NA,NA,NA,NA,NA,NA
"444",444,"PHOSPHORUS, WHITE","7723-14-0","280 (1)","468 (1)","280","468","280","ss=""ellips",""
"445",445,"AROCLOR 1242","53469-21-9",NA,NA,NA,NA,NA,NA,NA
"446",446,"COAL TAR CREOSOTE","8001-58-9",NA,NA,NA,NA,NA,NA,NA
"447",447,"AROCLOR 1248","12672-29-6",NA,NA,NA,NA,NA,NA,NA
"448",448,"AROCLOR","12767-79-2",NA,NA,NA,NA,NA,NA,NA
"449",449,"CYANIDE","57-12-5","","20.","","20.","","2.72 to 39","C"
"450",450,"HEXACHLOROCYCLOHEXANE, DELTA-","319-86-8","","283","","283","","245 to 304","C"
"451",451,"BERYLLIUM","7440-41-7",NA,NA,NA,NA,NA,NA,NA
"452",452,"AROCLOR 1221","11104-28-2",NA,NA,NA,NA,NA,NA,NA
"453",453,"CIS-CHLORDANE","5103-71-9","","333","","333","","329 to 338","C"
"454",454,"ENDRIN KETONE","53494-70-5","","332","","332","itle""><p c","",""
"455",455,"DIBROMOCHLOROPROPANE","67708-83-2",NA,NA,NA,NA,NA,NA,NA
"456",456,"TRANS-CHLORDANE","5103-74-2","","333","","333","","329 to 338","C"
"457",457,"ENDOSULFAN, BETA","33213-65-9","","366","","366","","332 to 401","C"
"458",458,"CHROMIUM(VI) TRIOXIDE","1333-82-0","250 (2)","564 (1)","250","564","250","ss=""ellips",""
"459",459,"AROCLOR 1232","11141-16-5",NA,NA,NA,NA,NA,NA,NA
"460",460,"ENDRIN ALDEHYDE","7421-93-4","","350","","350","","331 to 379","C"
"461",461,"METHANE","74-82-8","-163 (2","-81.9 (","-164","-81.9","-164","-139 to -4","C"
"462",462,"2-HEXANONE","591-78-6","127 (5)","123 (3)","127","123","126 to 128","119 to 127","C"
"463",463,"BENZOFLUORANTHENE","56832-73-6",NA,NA,NA,NA,NA,NA,NA
"464",464,"CHROMIUM","7440-47-3","2640 (2","483 (1)","2640","483","2640","ss=""ellips",""
"465",465,"AROCLOR 1240","71328-89-7",NA,NA,NA,NA,NA,NA,NA
"466",466,"2,4,6-TRINITROTOLUENE","118-96-7","240 (2)","330 (3)","240","330","240","309 to 365","C"
"467",467,"BROMODICHLOROETHANE","683-53-4","","141","","141","","141 to 143","C"
"468",468,"THIOCYANATE","302-04-5","","110","","110","","61.5 to 13","C"
"469",469,"ASBESTOS","1332-21-4",NA,NA,NA,NA,NA,NA,NA
"470",470,"RADIUM-226","13982-63-3",NA,NA,NA,NA,NA,NA,NA
"471",471,"URANIUM","7440-61-1","3820 (2","483 (1)","3820","483","3810 to 38","ss=""ellips",""
"472",472,"RADIUM","7440-14-4",NA,NA,NA,NA,NA,NA,NA
"473",473,"THORIUM","7440-29-1","","483","","483","","",""
"474",474,"CHLORINE","7782-50-5","-33.9 (","473 (1)","-33.9","473","-33.9","ss=""ellips",""
"475",475,"1,3,5-TRINITROBENZENE","99-35-4","315 (1)","323 (3)","315","323","315","305 to 354","C"
"476",476,"RADON","10043-92-2",NA,NA,NA,NA,NA,NA,NA
"477",477,"RADIUM-228","15262-20-1",NA,NA,NA,NA,NA,NA,NA
"478",478,"THORIUM-230","14269-63-7",NA,NA,NA,NA,NA,NA,NA
"479",479,"URANIUM-235","15117-96-1",NA,NA,NA,NA,NA,NA,NA
"480",480,"THORIUM-228","14274-82-9",NA,NA,NA,NA,NA,NA,NA
"481",481,"URANIUM-234","13966-29-5",NA,NA,NA,NA,NA,NA,NA
"482",482,"RADON-222","14859-67-7","-62.0 (","483 (1)","-62.0","483","-62.0","ss=""ellips",""
"483",483,"COAL TARS","8007-45-2",NA,NA,NA,NA,NA,NA,NA
"484",484,"COPPER","7440-50-8","2600 (1","483 (1)","2600","483","2600","ss=""ellips",""
"485",485,"CHRYSOTILE ASBESTOS","12001-29-5",NA,NA,NA,NA,NA,NA,NA
"486",486,"PLUTONIUM-239","15117-48-3",NA,NA,NA,NA,NA,NA,NA
"487",487,"POLONIUM-210","13981-52-7",NA,NA,NA,NA,NA,NA,NA
"488",488,"PLUTONIUM-238","13981-16-3",NA,NA,NA,NA,NA,NA,NA
"489",489,"LEAD-210","14255-04-0","","485","","485","","",""
"490",490,"AMOSITE ASBESTOS","12172-73-5",NA,NA,NA,NA,NA,NA,NA
"491",491,"STRONTIUM-90","10098-97-2",NA,NA,NA,NA,NA,NA,NA
"492",492,"PLUTONIUM","7440-07-5","","483","","483","","",""
"493",493,"RADON-220","22481-48-7",NA,NA,NA,NA,NA,NA,NA
"494",494,"AMERICIUM-241","86954-36-1",NA,NA,NA,NA,NA,NA,NA
"495",495,"BARIUM","7440-39-3",NA,NA,NA,NA,NA,NA,NA
"496",496,"NEPTUNIUM-237","13994-20-2",NA,NA,NA,NA,NA,NA,NA
"497",497,"HYDROGEN CYANIDE","74-90-8","25.6 (2","30.2 (3","25.6","30.2","25.6","2.72 to 48","C"
"498",498,"PLUTONIUM-240","14119-33-6",NA,NA,NA,NA,NA,NA,NA
"499",499,"MANGANESE","7439-96-5","2030 (2","483 (1)","2030","483","1960 to 21","ss=""ellips",""
"500",500,"POLYBROMINATED BIPHENYLS","67774-32-7",NA,NA,NA,NA,NA,NA,NA
"501",501,"SELENIUM","7782-49-2","685 (1)","484 (1)","685","484","685","ss=""ellips",""
"502",502,"HEPTACHLORODIBENZO-P-DIOXIN","37871-00-4",NA,NA,NA,NA,NA,NA,NA
"503",503,"TRICHLOROFLUOROETHANE","27154-33-2",NA,NA,NA,NA,NA,NA,NA
"504",504,"BROMINE","7726-95-6","59.1 (2","513 (1)","59.1","513","58.8 to 59","ss=""ellips",""
"505",505,"AROCLOR 1268","11100-14-4",NA,NA,NA,NA,NA,NA,NA
"506",506,"1,3-BUTADIENE","106-99-0","-2.34 (","7.84 (3","-4.44","7.84","-5.00 to 4","1.84 to 15","C"
"507",507,"HEPTACHLORODIBENZOFURAN","38998-75-3",NA,NA,NA,NA,NA,NA,NA
"508",508,"AMMONIA","7664-41-7","-33.3 (","603 (1)","-33.3","603","-33.3","ss=""ellips",""
"509",509,"TRICHLOROETHANE","25323-89-1",NA,NA,NA,NA,NA,NA,NA
"510",510,"TETRACHLOROBIPHENYL","26914-33-0",NA,NA,NA,NA,NA,NA,NA
"511",511,"OXYCHLORDANE","27304-13-8","353 (1)","349 (2)","353","349","353","346 to 352","C"
"512",512,"PALLADIUM","7440-05-3","","483","","483","","",""
"513",513,"GAMMA-CHLORDENE","56641-38-4",NA,NA,NA,NA,NA,NA,NA
"514",514,"TETRACHLOROPHENOL","25167-83-3",NA,NA,NA,NA,NA,NA,NA
"515",515,"CHLOROETHANE","75-00-3","12.3 (4","18.9 (3","12.3","18.9","12.2 to 12","8.50 to 37","C"
"516",516,"ALUMINUM","7429-90-5",NA,NA,NA,NA,NA,NA,NA
"517",517,"CARBON MONOXIDE","630-08-0","-192 (2","-22.0 (","-192","-22.0","-192","-24.0 to -","C"
"518",518,"BUTYL METHYL PHTHALATE","34006-76-3","","308","","308","","297 to 324","C"
"519",519,"CHLOROMETHANE","74-87-3","-24.2 (","-12.1 (","-24.2","-12.1","-24.4 to -","-25.1 to 1","C"
"520",520,"HEXACHLORODIBENZOFURAN","55684-94-1",NA,NA,NA,NA,NA,NA,NA
"521",521,"HYDROGEN SULFIDE","7783-06-4","108 (3)","473 (1)","-60.0","473","-60.6 to 4","ss=""ellips",""
"522",522,"DIBENZOFURANS, CHLORINATED","42934-53-2",NA,NA,NA,NA,NA,NA,NA
"523",523,"HEXACHLORODIBENZO-P-DIOXIN","34465-46-8",NA,NA,NA,NA,NA,NA,NA
"524",524,"VANADIUM","7440-62-2","3000 (2","483 (1)","3000","483","3000","ss=""ellips",""
"525",525,"TETRACHLORODIBENZO-P-DIOXIN","41903-57-5",NA,NA,NA,NA,NA,NA,NA
"526",526,"PENTACHLORODIBENZOFURAN","30402-15-4",NA,NA,NA,NA,NA,NA,NA
"527",527,"PENTACHLORODIBENZO-P-DIOXIN","36088-22-9",NA,NA,NA,NA,NA,NA,NA
"528",528,"2,3-DIMETHYLNAPHTHALENE","581-40-8","268 (1)","254 (3)","268","254","268","228 to 267","C"
"529",529,"FLUORINE","7782-41-4","-188 (2","440 (1)","-188","440","-188","ss=""ellips",""
"530",530,"CESIUM-137","10045-97-3","","483","","483","","",""
"531",531,"CHROMIC ACID","7738-94-5","","666","","666","","",""
"532",532,"NITRITE","14797-65-0","","541","","541","","",""
"533",533,"POTASSIUM-40","13966-00-2",NA,NA,NA,NA,NA,NA,NA
"534",534,"DINITROTOLUENE","25321-14-6",NA,NA,NA,NA,NA,NA,NA
"535",535,"COAL TAR PITCH","65996-93-2",NA,NA,NA,NA,NA,NA,NA
"536",536,"SILVER","7440-22-4","2000 (1","483 (1)","2000","483","2000","ss=""ellips",""
"537",537,"THORIUM-227","15623-47-9",NA,NA,NA,NA,NA,NA,NA
"538",538,"ARSENIC ACID","7778-39-4","","641","","641","","",""
"539",539,"BENZOPYRENE","73467-76-2",NA,NA,NA,NA,NA,NA,NA
"540",540,"PYRETHRUM","8003-34-7",NA,NA,NA,NA,NA,NA,NA
"541",541,"ALPHA-CHLORDENE","56534-02-2",NA,NA,NA,NA,NA,NA,NA
"542",542,"URANIUM-233","13968-55-3",NA,NA,NA,NA,NA,NA,NA
"543",543,"IODINE-131","10043-66-0",NA,NA,NA,NA,NA,NA,NA
"544",544,"SODIUM ARSENITE","7784-46-5","","739","","739","","",""
"545",545,"ANTIMONY","7440-36-0",NA,NA,NA,NA,NA,NA,NA
"546",546,"DICHLOROBENZENE","25321-22-6",NA,NA,NA,NA,NA,NA,NA
"547",547,"TETRACHLOROETHANE","25322-20-7",NA,NA,NA,NA,NA,NA,NA
"548",548,"DICHLOROETHANE","1300-21-6",NA,NA,NA,NA,NA,NA,NA
"549",549,"ETHYL ETHER","60-29-7","34.6 (5","42.6 (4","34.6","42.6","34.4 to 34","39.0 to 47","C"
"550",550,"1,3-DICHLOROPROPENE, CIS-","10061-01-5","109 (1)","102 (3)","109","102","109","95.5 to 10","C"
"551",551,"1,2,3,4,6,7,8-HEPTACHLORODIBENZO-P-DIOXIN","35822-46-9","","426","","426","","393 to 449","C"
"552",552,"PHOSPHINE","7803-51-2","-87.8 (","468 (1)","-87.8","468","-87.8","ss=""ellips",""
"553",553,"TRICHLOROBENZENE","12002-48-1",NA,NA,NA,NA,NA,NA,NA
"554",554,"FLUORIDE ION","16984-48-8",NA,NA,NA,NA,NA,NA,NA
"555",555,"1,3-DICHLOROPROPENE, TRANS-","10061-02-6","109 (1)","102 (3)","109","102","109","95.5 to 10","C"
"556",556,"THALLIUM","7440-28-0",NA,NA,NA,NA,NA,NA,NA
"557",557,"stanozolol","10418-03-8","","378","","378","","330 to 450","C"
"558",558,"methyltrienolone (R1881)","965-93-5","","355","","355","","335 to 392","C"
"559",559,"cabazitaxel","183133-96-2","","540","","540","","306 to 851","C"
"560",560,"Tartaric acid","526-83-0",NA,NA,NA,NA,NA,NA,NA
"561",561,"Ranitidine·HCl","66357-59-3",NA,NA,NA,NA,NA,NA,NA
"562",562,"Leucine","61-90-5","","289","","289","","225 to 408","C"
"563",563,"cisapride monohydrate","260779-88-2",NA,NA,NA,NA,NA,NA,NA
"564",564,"bepridil hydrochloride","68099-86-5","","338","","338","","311 to 365","C"
"565",565,"Chloroquine","54-05-7","","359","","359","","325 to 412","C"
"566",566,"Azithromycin","83905-01-5 ","","","","","","",""
"567",567,"vernacalant","748810-28-8","","","","","","",""
"568",568,"sematilide","101526-83-4","","","","","","",""
"569",569,"quinidine sulfate","50-54-4","","","","","","",""
"570",570,"N-acetylprocainamide","32795-44-1","","","","","","",""
"571",571,"disopyramide phosphate","22059-60-5","","","","","","",""
"572",572,"citalopram hydrobromide","59729-33-8","","","","","","",""
"573",573,"Raloxifene","82640-04-8","","","","","","",""
"574",574,"Sodium Perchlorate","7601-89-0","","","","","","",""
"575",575,"DE-71","189084-62-6","","","","","","",""
